Workbook
Name SINGLE_DRESSER_5313_3D: SUMBER!$A$1:$L$4

Sheet SUMBER
A1: 1 | C1: 1 | D1: FRONT LEG L | E1: 44 | F1: 45 | G1: 743.5 | H1: SL. Mahoni
A2: 2 | C2: 1 | D2: FRONT LEG R | E2: 44 | F2: 45 | G2: 743.5 | H2: SL. Mahoni
A3: 3 | C3: 1 | D3: BACK LEG L | E3: 38 | F3: 104 | G3: 1207 | H3: SL.Mahoni
A4: 4 | C4: 1 | D4: BACK LEG R | E4: 38 | F4: 104 | G4: 1207 | H4: SL.Mahoni
A5: 5 | C5: 1 | D5: FRONT RAIL | E5: 25 | F5: 38 | G5: 509.5 | H5: SL.Mahoni
A6: 6 | C6: 1 | D6: SIDE RAIL L | E6: 32.5 | F6: 38 | G6: 450.5 | H6: SL.Mahoni
A7: 7 | C7: 1 | D7: SIDE RAIL R | E7: 32.5 | F7: 38 | G7: 450.5 | H7: SL.Mahoni
A8: 8 | C8: 1 | D8: BACK RAIL | E8: 38 | F8: 59.5 | G8: 422 | H8: SL.Mahoni
A9: 9 | C9: 1 | D9: STRETCHER SIDE 1 L | E9: 23 | F9: 23 | G9: 515.5 | H9: SL. Mahoni
A10: 10 | C10: 1 | D10: STRETCHER SIDE 2 L | E10: 23 | F10: 23 | G10: 456.5 | H10: SL. Mahoni
A11: 11 | C11: 1 | D11: STRETCHER SIDE 1 R | E11: 23 | F11: 23 | G11: 515.5 | H11: SL. Mahoni
A12: 12 | C12: 1 | D12: STRETCHER SIDE 2 R | E12: 23 | F12: 23 | G12: 456.5 | H12: SL. Mahoni
... A16: 16 | C16: 1 | D16: FRAME BACK REST 4 | E16: 26 | F16: 65 | G16: 433 | H16: SL. Mahoni
A17: 17 | C17: 1 | D17: FRAME BACK REST MIDDLE | E17: 19 | F17: 254 | G17: 455 | H17: SL. Mahoni | I17: 3 Layer
A18: 18 | C18: 1 | D18: FRONT CORNER L | E18: 32 | F18: 43.5 | G18: 106 | H18: SL. Rubber | I18: HARDWOOD
A19: 19 | C19: 1 | D19: FRONT CORNER R | E19: 32 | F19: 43.5 | G19: 106 | H19: SL. Rubber | I19: HARDWOOD
A20: 20 | C20: 1 | D20: BACK CORNER L | E20: 32 | F20: 38 | G20: 139 | H20: SL. Rubber | I20: HARDWOOD
A21: 21 | C21: 1 | D21: BACK CORNER R | E21: 32 | F21: 38 | G21: 139 | H21: SL. Rubber | I21: HARDWOOD
A22: 22 | C22: 1 | D22: BRASS CAP L | E22: 22 | F22: 22 | G22: 432.5 | H22: BRASS
A23: 23 | C23: 1 | D23: BRASS CAP R | E23: 22 | F23: 22 | G23: 432.5 | H23: BRASS
A24: 24 | C24: 1 | D24: BRASS STRETCHER | E24: 19 | F24: 19 | G24: 498.5 | H24: BRASS
A25: 25 | C25: 4 | D25: DOWEL 10X10X30 | E25: 10 | F25: 10 | G25: 30 | H25: SL.White Beech
A26: 26 | C26: 4 | D26: DOWEL 10X10X20 | E26: 10 | F26: 10 | G26: 20 | H26: SL.White Beech

Sheet BOM
A1: Bill Of Material
A2: ( Sample )
D3: Product Name | F3: GABBY
D4: Product Type | F4: HAMBLIN BARSTOOL
D5: Product code | F5: NT-325-2
D6: Size | F6: =": "&U6&" mm x "&V6&" mm x "&W6&" mm" -> : 542 mm x 612 mm x 1215 mm | U6: 542 | V6: 612 | W6: 1215
D7: Tanggal | F7: 4 Oktober 2026
D8: Order | F8: 1
A10: KOMPONEN
A11: No | B11: Code Number | D11: Part Name | E11: ROUGH SIZE | L11: FINISH SIZE | O11: Qty/ Item | P11: Qty/ Order | Q11: M3/ M2 | R11: Material | S11: Note
E12: T | G12: W | I12: L | L12: T | M12: W | N12: L
A13: SUB ASSY BODY
A14: =SUMBER!A1 -> 1 | B14: PF | D14: =SUMBER!D1 -> FRONT LEG L | L14: =SUMBER!E1 -> 44 | M14: =SUMBER!F1 -> 45 | N14: =SUMBER!G1 -> 743.5 | O14: =SUMBER!C1 -> 1 | R14: =SUMBER!H1 -> SL. Mahoni
B15: SF | D15: Core | E15: 5 | F15: =L15+E15 -> 49 | G15: 5 | H15: =G15+M15 -> 50 | I15: 10 | J15: =I15+N15 -> 753.5 | L15: =L14 -> 44 | M15: =M14 -> 45 | N15: =N14 -> 743.5 | O15: =O14 -> 1 | P15: =O15*F$8 -> 1 | Q15: =P15*J15*H15*F15/1000000000 -> 0.001846075 | R15: =R14 -> SL. Mahoni
A17: =SUMBER!A2 -> 2 | B17: PF | D17: =SUMBER!D2 -> FRONT LEG R | L17: =SUMBER!E2 -> 44 | M17: =SUMBER!F2 -> 45 | N17: =SUMBER!G2 -> 743.5 | O17: =SUMBER!C2 -> 1 | R17: =SUMBER!H2 -> SL. Mahoni
B18: SF | D18: Core | E18: 5 | F18: =L18+E18 -> 49 | G18: 5 | H18: =G18+M18 -> 50 | I18: 10 | J18: =I18+N18 -> 753.5 | L18: =L17 -> 44 | M18: =M17 -> 45 | N18: =N17 -> 743.5 | O18: =O17 -> 1 | P18: =O18*F$8 -> 1 | Q18: =P18*J18*H18*F18/1000000000 -> 0.001846075 | R18: =R17 -> SL. Mahoni
A20: =SUMBER!A3 -> 3 | B20: PF | D20: =SUMBER!D3 -> BACK LEG L | L20: =SUMBER!E3 -> 38 | M20: =SUMBER!F3 -> 104 | N20: =SUMBER!G3 -> 1207 | O20: =SUMBER!C3 -> 1 | R20: =SUMBER!H3 -> SL.Mahoni
B21: SF | D21: Core | E21: 5 | F21: =L21+E21 -> 43 | G21: 5 | H21: =G21+M21 -> 109 | I21: 10 | J21: =I21+N21 -> 1217 | L21: =L20 -> 38 | M21: =M20 -> 104 | N21: =N20 -> 1207 | O21: =O20 -> 1 | P21: =O21*F$8 -> 1 | Q21: =P21*J21*H21*F21/1000000000 -> 0.005704079 | R21: =R20 -> SL.Mahoni
A23: =SUMBER!A4 -> 4 | B23: PF | D23: =SUMBER!D4 -> BACK LEG R | L23: =SUMBER!E4 -> 38 | M23: =SUMBER!F4 -> 104 | N23: =SUMBER!G4 -> 1207 | O23: =SUMBER!C4 -> 1 | R23: =SUMBER!H4 -> SL.Mahoni
B24: SF | D24: Core | E24: 5 | F24: =L24+E24 -> 43 | G24: 5 | H24: =G24+M24 -> 109 | I24: 10 | J24: =I24+N24 -> 1217 | L24: =L23 -> 38 | M24: =M23 -> 104 | N24: =N23 -> 1207 | O24: =O23 -> 1 | P24: =O24*F$8 -> 1 | Q24: =P24*J24*H24*F24/1000000000 -> 0.005704079 | R24: =R23 -> SL.Mahoni
A26: =SUMBER!A5 -> 5 | B26: PF | D26: =SUMBER!D5 -> FRONT RAIL | L26: =SUMBER!E5 -> 25 | M26: =SUMBER!F5 -> 38 | N26: =SUMBER!G5 -> 509.5 | O26: =SUMBER!C5 -> 1 | R26: =SUMBER!H5 -> SL.Mahoni
B27: SF | D27: Core | E27: 2 | F27: =L27+E27 -> 27 | G27: 5 | H27: =G27+M27 -> 43 | I27: 10 | J27: =I27+N27 -> 519.5 | L27: =L26 -> 25 | M27: =M26 -> 38 | N27: =N26 -> 509.5 | O27: =O26 -> 1 | P27: =O27*F$8 -> 1 | Q27: =P27*J27*H27*F27/1000000000 -> 0.0006031395 | R27: =R26 -> SL.Mahoni
A29: =SUMBER!A6 -> 6 | B29: PF | D29: =SUMBER!D6 -> SIDE RAIL L | L29: =SUMBER!E6 -> 32.5 | M29: =SUMBER!F6 -> 38 | N29: =SUMBER!G6 -> 450.5 | O29: =SUMBER!C6 -> 1 | R29: =SUMBER!H6 -> SL.Mahoni
B30: SF | D30: Core | E30: 2 | F30: =L30+E30 -> 34.5 | G30: 5 | H30: =G30+M30 -> 43 | I30: 10 | J30: =I30+N30 -> 460.5 | L30: =L29 -> 32.5 | M30: =M29 -> 38 | N30: =N29 -> 450.5 | O30: =O29 -> 1 | P30: =O30*F$8 -> 1 | Q30: =P30*J30*H30*F30/1000000000 -> 0.00068315175 | R30: =R29 -> SL.Mahoni
A32: =SUMBER!A7 -> 7 | B32: PF | D32: =SUMBER!D7 -> SIDE RAIL R | L32: =SUMBER!E7 -> 32.5 | M32: =SUMBER!F7 -> 38 | N32: =SUMBER!G7 -> 450.5 | O32: =SUMBER!C7 -> 1 | R32: =SUMBER!H7 -> SL.Mahoni
B33: SF | D33: Core | E33: 2 | F33: =L33+E33 -> 34.5 | G33: 5 | H33: =G33+M33 -> 43 | I33: 10 | J33: =I33+N33 -> 460.5 | L33: =L32 -> 32.5 | M33: =M32 -> 38 | N33: =N32 -> 450.5 | O33: =O32 -> 1 | P33: =O33*F$8 -> 1 | Q33: =P33*J33*H33*F33/1000000000 -> 0.00068315175 | R33: =R32 -> SL.Mahoni
A35: =SUMBER!A8 -> 8 | B35: PF | D35: =SUMBER!D8 -> BACK RAIL | L35: =SUMBER!E8 -> 38 | M35: =SUMBER!F8 -> 59.5 | N35: =SUMBER!G8 -> 422 | O35: =SUMBER!C8 -> 1 | R35: =SUMBER!H8 -> SL.Mahoni
B36: SF | D36: Core | E36: 2 | F36: =L36+E36 -> 40 | G36: 5 | H36: =G36+M36 -> 64.5 | I36: 10 | J36: =I36+N36 -> 432 | L36: =L35 -> 38 | M36: =M35 -> 59.5 | N36: =N35 -> 422 | O36: =O35 -> 1 | P36: =O36*F$8 -> 1 | Q36: =P36*J36*H36*F36/1000000000 -> 0.00111456 | R36: =R35 -> SL.Mahoni
A38: =SUMBER!A9 -> 9 | B38: PF | D38: =SUMBER!D9 -> STRETCHER SIDE 1 L | L38: =SUMBER!E9 -> 23 | M38: =SUMBER!F9 -> 23 | N38: =SUMBER!G9 -> 515.5 | O38: =SUMBER!C9 -> 1 | R38: =SUMBER!H9 -> SL. Mahoni
B39: SF | D39: Core | E39: 5 | F39: =L39+E39 -> 28 | G39: 5 | H39: =G39+M39 -> 28 | I39: 10 | J39: =I39+N39 -> 525.5 | L39: =L38 -> 23 | M39: =M38 -> 23 | N39: =N38 -> 515.5 | O39: =O38 -> 1 | P39: =O39*F$8 -> 1 | Q39: =P39*J39*H39*F39/1000000000 -> 0.000411992 | R39: =R38 -> SL. Mahoni
A41: =SUMBER!A10 -> 10 | B41: PF | D41: =SUMBER!D10 -> STRETCHER SIDE 2 L | L41: =SUMBER!E10 -> 23 | M41: =SUMBER!F10 -> 23 | N41: =SUMBER!G10 -> 456.5 | O41: =SUMBER!C10 -> 1 | R41: =SUMBER!H10 -> SL. Mahoni
B42: SF | D42: Core | E42: 5 | F42: =L42+E42 -> 28 | G42: 5 | H42: =G42+M42 -> 28 | I42: 10 | J42: =I42+N42 -> 466.5 | L42: =L41 -> 23 | M42: =M41 -> 23 | N42: =N41 -> 456.5 | O42: =O41 -> 1 | P42: =O42*F$8 -> 1 | Q42: =P42*J42*H42*F42/1000000000 -> 0.000365736 | R42: =R41 -> SL. Mahoni
A44: =SUMBER!A11 -> 11 | B44: PF | D44: =SUMBER!D11 -> STRETCHER SIDE 1 R | L44: =SUMBER!E11 -> 23 | M44: =SUMBER!F11 -> 23 | N44: =SUMBER!G11 -> 515.5 | O44: =SUMBER!C11 -> 1 | R44: =SUMBER!H11 -> SL. Mahoni
B45: SF | D45: Core | E45: 5 | F45: =L45+E45 -> 28 | G45: 5 | H45: =G45+M45 -> 28 | I45: 10 | J45: =I45+N45 -> 525.5 | L45: =L44 -> 23 | M45: =M44 -> 23 | N45: =N44 -> 515.5 | O45: =O44 -> 1 | P45: =O45*F$8 -> 1 | Q45: =P45*J45*H45*F45/1000000000 -> 0.000411992 | R45: =R44 -> SL. Mahoni
A47: =SUMBER!A12 -> 12 | B47: PF | D47: =SUMBER!D12 -> STRETCHER SIDE 2 R | L47: =SUMBER!E12 -> 23 | M47: =SUMBER!F12 -> 23 | N47: =SUMBER!G12 -> 456.5 | O47: =SUMBER!C12 -> 1 | R47: =SUMBER!H12 -> SL. Mahoni
B48: SF | D48: Core | E48: 5 | F48: =L48+E48 -> 28 | G48: 5 | H48: =G48+M48 -> 28 | I48: 10 | J48: =I48+N48 -> 466.5 | L48: =L47 -> 23 | M48: =M47 -> 23 | N48: =N47 -> 456.5 | O48: =O47 -> 1 | P48: =O48*F$8 -> 1 | Q48: =P48*J48*H48*F48/1000000000 -> 0.000365736 | R48: =R47 -> SL. Mahoni
A50: =SUMBER!A13 -> 13 | B50: PF | D50: =SUMBER!D13 -> FRAME BACK REST 1 | L50: =SUMBER!E13 -> 23 | M50: =SUMBER!F13 -> 50.5 | N50: =SUMBER!G13 -> 444.5 | O50: =SUMBER!C13 -> 1 | R50: =SUMBER!H13 -> SL.Mahoni
B51: SF | D51: Core | E51: 5 | F51: =L51+E51 -> 28 | G51: 5 | H51: =G51+M51 -> 55.5 | I51: 10 | J51: =I51+N51 -> 454.5 | L51: =L50 -> 23 | M51: =M50 -> 50.5 | N51: =N50 -> 444.5 | O51: =O50 -> 1 | P51: =O51*F$8 -> 1 | Q51: =P51*J51*H51*F51/1000000000 -> 0.000706293 | R51: =R50 -> SL.Mahoni
A53: =SUMBER!A14 -> 14 | B53: PF | D53: =SUMBER!D14 -> FRAME BACK REST 2 | L53: =SUMBER!E14 -> 26 | M53: =SUMBER!F14 -> 68 | N53: =SUMBER!G14 -> 433 | O53: =SUMBER!C14 -> 1 | R53: =SUMBER!H14 -> SL. Mahoni
B54: SF | D54: Core | E54: 5 | F54: =L54+E54 -> 31 | G54: 5 | H54: =G54+M54 -> 73 | I54: 40 | J54: =I54+N54 -> 473 | L54: =L53 -> 26 | M54: =M53 -> 68 | N54: =N53 -> 433 | O54: =O53 -> 1 | P54: =O54*F$8 -> 1 | Q54: =P54*J54*H54*F54/1000000000 -> 0.001070399 | R54: =R53 -> SL. Mahoni
A56: =SUMBER!A15 -> 15 | B56: PF | D56: =SUMBER!D15 -> FRAME BACK REST 3 | L56: =SUMBER!E15 -> 26 | M56: =SUMBER!F15 -> 68 | N56: =SUMBER!G15 -> 433 | O56: =SUMBER!C15 -> 1 | R56: =SUMBER!H15 -> SL. Mahoni
B57: SF | D57: Core | E57: 5 | F57: =L57+E57 -> 31 | G57: 5 | H57: =G57+M57 -> 73 | I57: 40 | J57: =I57+N57 -> 473 | L57: =L56 -> 26 | M57: =M56 -> 68 | N57: =N56 -> 433 | O57: =O56 -> 1 | P57: =O57*F$8 -> 1 | Q57: =P57*J57*H57*F57/1000000000 -> 0.001070399 | R57: =R56 -> SL. Mahoni
A59: =SUMBER!A16 -> 16 | B59: PF | D59: =SUMBER!D16 -> FRAME BACK REST 4 | L59: =SUMBER!E16 -> 26 | M59: =SUMBER!F16 -> 65 | N59: =SUMBER!G16 -> 433 | O59: =SUMBER!C16 -> 1 | R59: =SUMBER!H16 -> SL. Mahoni
B60: SF | D60: Core | E60: 5 | F60: =L60+E60 -> 31 | G60: 5 | H60: =G60+M60 -> 70 | I60: 40 | J60: =I60+N60 -> 473 | L60: =L59 -> 26 | M60: =M59 -> 65 | N60: =N59 -> 433 | O60: =O59 -> 1 | P60: =O60*F$8 -> 1 | Q60: =P60*J60*H60*F60/1000000000 -> 0.00102641 | R60: =R59 -> SL. Mahoni
A62: =SUMBER!A17 -> 17 | B62: PF | D62: =SUMBER!D17 -> FRAME BACK REST MIDDLE | L62: =SUMBER!E17 -> 19 | M62: =SUMBER!F17 -> 254 | N62: =SUMBER!G17 -> 455 | O62: =SUMBER!C17 -> 1 | R62: =SUMBER!H17 -> SL. Mahoni | S62: Menggunakan Mal Tuscan Lama
B63: SF | D63: Core | E63: 0 | F63: =L63+E63 -> 19 | G63: 20 | H63: =G63+M63 -> 274 | I63: 40 | J63: =I63+N63 -> 495 | L63: =L62 -> 19 | M63: =M62 -> 254 | N63: =N62 -> 455 | O63: 2 | P63: =O63*F$8 -> 2 | Q63: =P63*J63*H63*F63/1000000000 -> 0.00515394 | R63: =R62 -> SL. Mahoni | S63: Long
B64: SF | D64: Core | E64: 0 | F64: =L64+E64 -> 19 | G64: 40 | H64: =G64+M64 -> 495 | I64: 20 | J64: =I64+N64 -> 274 | L64: =L63 -> 19 | M64: =N63 -> 455 | N64: =M63 -> 254 | O64: 1 | P64: =O64*F$8 -> 1 | Q64: =P64*J64*H64*F64/1000000000 -> 0.00257697 | R64: =R63 -> SL. Mahoni | S64: Cross
A66: =SUMBER!A18 -> 18 | B66: PF | D66: =SUMBER!D18 -> FRONT CORNER L | L66: =SUMBER!E18 -> 32 | M66: =SUMBER!F18 -> 43.5 | N66: =SUMBER!G18 -> 106 | O66: =SUMBER!C18 -> 1 | R66: =SUMBER!H18 -> SL. Rubber
B67: SF | D67: Core | E67: 0 | F67: =L67+E67 -> 6 | G67: 20 | H67: =G67+M67 -> 63.5 | I67: 40 | J67: =I67+N67 -> 146 | L67: 6 | M67: =M66 -> 43.5 | N67: =N66 -> 106 | O67: 2 | P67: =O67*F$8 -> 2 | Q67: =P67*J67*H67*F67/1000000000 -> 0.000111252 | R67: =R66 -> SL. Rubber
A69: =SUMBER!A19 -> 19 | B69: PF | D69: =SUMBER!D19 -> FRONT CORNER R | L69: =SUMBER!E19 -> 32 | M69: =SUMBER!F19 -> 43.5 | N69: =SUMBER!G19 -> 106 | O69: =SUMBER!C19 -> 1 | R69: =SUMBER!H19 -> SL. Rubber
B70: SF | D70: Core | E70: 2 | F70: =L70+E70 -> 34 | G70: 5 | H70: =G70+M70 -> 48.5 | I70: 10 | J70: =I70+N70 -> 116 | L70: =L69 -> 32 | M70: =M69 -> 43.5 | N70: =N69 -> 106 | O70: =O69 -> 1 | P70: =O70*F$8 -> 1 | Q70: =P70*J70*H70*F70/1000000000 -> 0.000191284 | R70: =R69 -> SL. Rubber
A72: =SUMBER!A20 -> 20 | B72: PF | D72: =SUMBER!D20 -> BACK CORNER L | L72: =SUMBER!E20 -> 32 | M72: =SUMBER!F20 -> 38 | N72: =SUMBER!G20 -> 139 | O72: =SUMBER!C20 -> 1 | R72: =SUMBER!H20 -> SL. Rubber
B73: SF | D73: Core | E73: 2 | F73: =L73+E73 -> 34 | G73: 5 | H73: =G73+M73 -> 43 | I73: 10 | J73: =I73+N73 -> 149 | L73: =L72 -> 32 | M73: =M72 -> 38 | N73: =N72 -> 139 | O73: =O72 -> 1 | P73: =O73*F$8 -> 1 | Q73: =P73*J73*H73*F73/1000000000 -> 0.000217838 | R73: =R72 -> SL. Rubber
A75: =SUMBER!A21 -> 21 | B75: PF | D75: =SUMBER!D21 -> BACK CORNER R | L75: =SUMBER!E21 -> 32 | M75: =SUMBER!F21 -> 38 | N75: =SUMBER!G21 -> 139 | O75: =SUMBER!C21 -> 1 | R75: =SUMBER!H21 -> SL. Rubber
B76: SF | D76: Core | E76: 2 | F76: =L76+E76 -> 34 | G76: 5 | H76: =G76+M76 -> 43 | I76: 10 | J76: =I76+N76 -> 149 | L76: =L75 -> 32 | M76: =M75 -> 38 | N76: =N75 -> 139 | O76: =O75 -> 1 | P76: =O76*F$8 -> 1 | Q76: =P76*J76*H76*F76/1000000000 -> 0.000217838 | R76: =R75 -> SL. Rubber
A78: =SUMBER!A22 -> 22 | B78: PF | D78: =SUMBER!D25 -> DOWEL 10X10X30 | L78: =SUMBER!E25 -> 10 | M78: =SUMBER!F25 -> 10 | N78: =SUMBER!G25 -> 30 | O78: =SUMBER!C25 -> 4 | R78: =SUMBER!H25 -> SL.White Beech
B79: SF | D79: Core | E79: 0 | F79: =L79+E79 -> 10 | G79: 0 | H79: =G79+M79 -> 10 | I79: 0 | J79: =I79+N79 -> 30 | L79: =L78 -> 10 | M79: =M78 -> 10 | N79: =N78 -> 30 | O79: =O78 -> 4 | P79: =O79*F$8 -> 4 | Q79: =P79*J79*H79*F79/1000000000 -> 1.2e-05 | R79: =R78 -> SL.White Beech
A81: =SUMBER!A23 -> 23 | B81: PF | D81: =SUMBER!D26 -> DOWEL 10X10X20 | L81: =SUMBER!E26 -> 10 | M81: =SUMBER!F26 -> 10 | N81: =SUMBER!G26 -> 20 | O81: =SUMBER!C26 -> 4 | R81: =SUMBER!H26 -> SL.White Beech
B82: SF | D82: Core | E82: 0 | F82: =L82+E82 -> 10 | G82: 0 | H82: =G82+M82 -> 10 | I82: 0 | J82: =I82+N82 -> 20 | L82: =L81 -> 10 | M82: =M81 -> 10 | N82: =N81 -> 20 | O82: =O81 -> 4 | P82: =O82*F$8 -> 4 | Q82: =P82*J82*H82*F82/1000000000 -> 8e-06 | R82: =R81 -> SL.White Beech
R85: ="Sidoarjo,"&F7 -> Sidoarjo,4 Oktober 2026
D86: Disetujui | J86: Diperiksa | R86: Dibuat
C90: Eris | J90: Mansur | R90: Alwy

Sheet Hardware
A1: Bill of Material
A2: =BOM!A2 -> ( Sample )
B4: Product Name | C4: =BOM!F3 -> GABBY
B5: Code | C5: =BOM!F5 -> NT-325-2
B6: Product Type | C6: =BOM!F4 -> HAMBLIN BARSTOOL
B7: Size | C7: =BOM!F6 -> : 542 mm x 612 mm x 1215 mm
B8: Painting | C8: :
B9: Revisi | C9: =BOM!F7 -> 4 Oktober 2026
B10: Order | C10: 1
A12: No. | B12: No.Code | C12: Nama Barang | D12: Jumlah | E12: Qty/ Order | F12: Satuan | G12: Keterangan | H12: NOTE
A13: ASSY BODY
A14: 1 | B14: RHSSCR00105 | C14: SCREW JP (³) B1025 8MMX1-1/4" BLK OVS | D14: 8 | E14: =D14 -> 8 | F14: Pcs | G14: U/Corner
A15: 3 | B15: RHSSCR00006 | C15: HEX SCREW 1/4"X3" Ø10MM ZINC DMT | D15: 2 | E15: 2 | F15: pcs | G15: u/ Corner Block ke front Leg
A16: 4 | B16: RHSWAS0017 | C16: FLAT WASHER RC0330 5/16"X19X1.5MM ZINC | D16: 4 | E16: =D16*$C$10 -> 4 | F16: pcs | G16: u/ Corner Block ke Leg
A17: 5 | B17: RHSBOL00027 | C17: HEX HEAD BOLT 5/16"X3" Ø13 MM ZINC DMT | D17: 2 | E17: =D17*$C$10 -> 2 | F17: pcs | G17: u/ Corner Block ke back Leg
A18: 6 | B18: RHSWAS0023 | C18: LOCK WASHER 8MM DMT ZINC | D18: 4 | E18: =D18*$C$10 -> 4 | F18: pcs | G18: u/ Corner Block ke Leg
A19: 7 | B19: RHSNUT00030 | C19: PINAPLE NUT D0306 1/4"X10X20MM STEEL | D19: 2 | E19: =D19*$C$10 -> 2 | F19: pcs | G19: u/ Back Leg
A20: 8 | C20: BRASS METAL CAP UK. 22X22X32 | D20: 2 | E20: 2 | F20: pcs | G20: u/ Corner Cap
A21: 9 | C21: BRASS METAL STRETCHER UK. 19X19X498.5 | D21: 1 | E21: 1 | F21: pcs | G21: u/ front leg
A22: FITTING
A23: 1 | B23: RHSGLD00021 | C23: GLIDER BULAT Ø20X6MM DMT BRWN | D23: 4 | E23: =D23 -> 4 | F23: Pcs | G23: U/Leg
A24: UPHOLSTERY
A25: 1 | C25: ROTAN ANYAMAN SINTETIS | D25: 1 | E25: 1 | F25: SET | G25: U/Dudukan
A26: 2
A27: TERBUNGKUS
G29: =BOM!R85 -> Sidoarjo,4 Oktober 2026
B30: Disetujui | D30: Diperiksa | G30: Dibuat
B32: Eris | D32: Mansur | G32: =BOM!R90 -> Alwy

Sheet old
A1: Bill Of Hardware
A2: ( Sample)
B3: ='[1]Bom Material'!D3 -> Product Name | C3: =BOM!F3 -> GABBY
B4: ='[1]Bom Material'!D4 -> Product Type | C4: REGENT CENTER
B5: ='[1]Bom Material'!D5 -> Product code
B6: ='[1]Bom Material'!D6 -> Size | C6: =BOM!F6 -> : 542 mm x 612 mm x 1215 mm
B7: ='[1]Bom Material'!D7 -> Painting
B8: ='[1]Bom Material'!D8 -> Date | C8: 14 November 2024
B9: ='[1]Bom Material'!D9 -> Order | C9: ='[1]Bom Material'!F9 -> 1
A12: No. | B12: Kode Barang | C12: Nama Barang | D12: UKURAN | G12: Jumlah | H12: Qty Order | I12: Satuan. | J12: Keterangan | K12: NOTE
D13: T | E13: L | F13: P
A14: CUSHION
C15: DUDUKAN | D15: 65 | E15: 400 | F15: 413 | G15: 1
A16: 1 | B16: 40000167 | C16: FOAM QUICK DRAY SOFT 50X1250X2350MM | D16: 50 | E16: =E15 -> 400 | F16: =F15 -> 413 | G16: =G15*L16 -> 0 | H16: =D16*E16*F16*G16/1000000000 -> 0 | I16: M3 | J16: U/ Cushion Dudukan | L16: 0
A17: =A16+1 -> 2 | B17: 40000170 | C17: FOAM QUICK DRAY MEDIUM 50X1250X2350MM | D17: 50 | E17: =E15 -> 400 | F17: =F15 -> 413 | G17: =G15*L17 -> 1 | H17: =D17*E17*F17*G17/1000000000 -> 0.00826 | I17: M3 | J17: U/ Cushion Dudukan | L17: 1
A18: =A17+1 -> 3 | B18: 40000198 | C18: FOAM QUICK DRAY FIRM 10X1250X2350MM | D18: 10 | E18: =E15 -> 400 | F18: =F15 -> 413 | G18: =G15*L18 -> 1 | H18: =D18*E18*F18*G18/1000000000 -> 0.001652 | I18: M3 | J18: U/ Cushion Dudukan | L18: 1
A19: =A18+1 -> 4 | B19: RHUBSA00008 | C19: DACRON ARNR 50Z LEBAR 2 M | D19: 1 | E19: =D15*2+E15 -> 530 | F19: =D15*2+F15 -> 543 | G19: =G15*L19 -> 1 | H19: =0.129*2 -> 0.258 | I19: Kg | J19: U/ Cushion Dudukan | L19: 1
A20: =A19+1 -> 5 | C20: FABRIC | D20: 1 | E20: =E15+30+D15+D15 -> 560 | F20: =F15+30+D15+D15 -> 573 | G20: =G15 -> 1 | H20: =G15*N20/1000 -> 0.2865 | I20: M | J20: U/ Cover Atas | L20: 1400 | M20: 2 | N20: =F20/M20 -> 286.5
